exact_ssc_issue_key,factor,ssc_severity,current_internal_breach_risk,current_affects_score,proposed_affects_score,proposed_internal_breach_risk,match_should_affect_score,expected_one_match_factor_impact,rationale,context_dependent_conditions
csp_no_policy_v2,application_security,low,UNKNOWN,true,true,LOW,yes,2,No enforced CSP removes a browser defense against injected active content but does not establish an injection flaw,Impact rises if executable user input or risky third-party scripts exist
csp_too_broad_v2,application_security,low,UNKNOWN,true,true,LOW,yes,2,Broad script or object sources weaken containment of injected or compromised content,Impact depends on actual scripts and whether an injection path exists
csp_unsafe_policy_v2,application_security,low,UNKNOWN,true,true,LOW,yes,2,Effective unsafe-eval or uncontrolled unsafe-inline weakens XSS defense without proving XSS,Impact rises with an injection path or sensitive browser session; distinguish unsafe-eval from unsafe-inline in evidence
domain_missing_https_v2,application_security,low,UNKNOWN,true,true,MEDIUM,yes,7,HTTP terminal content or no trusted HTTPS permits network modification and possibly disclosure,Impact depends on whether content includes credentials or sensitive data and whether clients use HTTP
hsts_incorrect_v2,application_security,low,UNKNOWN,true,true,LOW,yes,2,Missing or weak HSTS leaves downgrade exposure for visits that start over HTTP,Impact depends on prior HSTS state and whether sensitive sessions are present; includeSubDomains may be intentionally omitted
insecure_https_redirect_pattern_v2,application_security,low,UNKNOWN,true,true,MEDIUM,yes,7,An HTTPS to HTTP downgrade or HTTP content before upgrade exposes some requests to network tampering,Impact depends on credentials or sensitive content traversing the affected hop
insecure_server_certificate_key_size,application_security,low,UNKNOWN,true,true,MEDIUM,yes,7,Subthreshold public keys weaken server authentication and may cause client rejection,Impact depends on algorithm and actual bit length and client trust behavior
redirect_chain_contains_http_v2,application_security,medium,UNKNOWN,true,true,MEDIUM,yes,7,An HTTP hop after HTTPS loses transport integrity for that hop,Impact depends on whether secrets or active content cross that hop; may overlap another redirect finding
x_content_type_options_incorrect_v2,application_security,low,UNKNOWN,true,true,LOW,yes,2,Absent or invalid nosniff can enable MIME confusion for attacker-controlled responses,Impact depends on upload behavior and response content types
x_frame_options_incorrect_v2,application_security,low,UNKNOWN,true,true,LOW,yes,2,Missing frame restrictions can enable clickjacking when framed pages perform meaningful actions,Impact depends on frameable sensitive UI and other interaction defenses
dmarc_contains_none,dns_health,info,UNKNOWN,true,true,LOW,yes,2,A monitoring-only DMARC policy expresses no handling preference for failed authentication,Impact depends on whether domain sends mail and on SPF DKIM alignment and receiver policy
dmarc_record_missing,dns_health,info,UNKNOWN,true,true,LOW,yes,2,No applicable DMARC policy leaves receivers without domain-level alignment guidance,Impact depends on mail use and independent receiver filtering
spf_record_missing,dns_health,low,UNKNOWN,true,true,LOW,yes,2,No SPF record removes one sender authorization signal and can ease spoofing,Impact depends on mail use and DKIM DMARC controls
spf_record_softfail,dns_health,info,UNKNOWN,true,true,LOW,yes,2,Softfail with absent or monitoring-only DMARC gives weak handling guidance for unauthorized senders,Impact depends on mail use and receiver treatment of softfail
spf_record_wildcard,dns_health,medium,UNKNOWN,true,false,UNKNOWN,no,0,Wildcard synthesis alone does not show that unauthorized senders pass SPF or that mail security is weakened,Needs effective SPF policy and intended subdomain mail scope; a restrictive wildcard may be valid
spf_record_malformed,dns_health,medium,UNKNOWN,false,true,LOW,yes,2,A deterministic RFC 7208 permerror prevents SPF from providing a usable authorization result without proving spoofing or compromise,Impact depends on mail use aligned DKIM effective DMARC receiver disposition and third-party SPF dependencies
subdomain_dmarc_contains_none,dns_health,info,UNKNOWN,true,true,LOW,yes,2,An applicable subdomain DMARC none policy leaves that scope without requested enforcement,Impact depends on declared subdomain mail use and other authentication controls
service_redis,network_security,medium,UNKNOWN,true,true,LOW,yes,2,Externally reachable Redis adds a sensitive data-service attack surface but PONG or NOAUTH does not prove unauthorized data access,Impact rises if unauthenticated commands work or sensitive data is reachable; authentication and ACLs reduce risk
service_rsync,network_security,medium,UNKNOWN,true,false,UNKNOWN,no,0,A daemon greeting alone cannot establish accessible modules or sensitive file exposure,Needs module visibility and access controls; public distribution endpoints can be intentional
service_smb,network_security,medium,UNKNOWN,true,true,LOW,yes,2,Internet-reachable SMB exposes a file-sharing protocol attack surface without proving share access or a flaw,Impact rises with guest access weak signing obsolete dialects or vulnerable versions
service_socks_proxy,network_security,low,UNKNOWN,true,false,UNKNOWN,no,0,Method negotiation alone does not prove successful relay or unauthorized proxy use,Needs selected authentication method and authorized connect test or configuration evidence
service_telnet,network_security,medium,UNKNOWN,true,true,LOW,yes,2,Reachable Telnet presents a cleartext remote-access protocol surface but no credential exchange is observed,Impact rises if interactive login or sensitive commands are available
service_vnc,network_security,medium,UNKNOWN,true,true,LOW,yes,2,Reachable remote desktop protocol presents an access surface without proving weak authentication,Impact rises with missing authentication weak encryption or accessible desktop session
tls_weak_protocol,network_security,high,UNKNOWN,true,true,MEDIUM,yes,7,Negotiated TLS 1.0 or 1.1 enables obsolete cryptographic paths but does not prove a downgrade or compromise,Impact depends on clients that negotiate old versions and accepted cipher suites
tlscert_expired,network_security,low,UNKNOWN,true,true,LOW,yes,2,An expired certificate breaks normal trust validation and can encourage unsafe bypass or cause outage,Impact depends on whether external clients validate the affected endpoint
tlscert_no_revocation,network_security,low,UNKNOWN,true,false,UNKNOWN,no,0,No OCSP or CRL URI alone does not establish key compromise or absence of all revocation controls,Needs certificate lifetime and issuer status strategy plus client validation behavior
tlscert_self_signed,network_security,low,UNKNOWN,true,true,LOW,yes,2,A self-signed leaf outside the local trust policy weakens default identity assurance,Impact depends on private trust distribution and whether public clients reach the endpoint
tlscert_weak_signature,network_security,low,UNKNOWN,true,true,MEDIUM,yes,7,MD5 or SHA-1 on a served certificate chain weakens authentication or leads to client distrust,Impact depends on chain position and actual client acceptance
unsafe_sri_v2,application_security,high,UNKNOWN,false,true,LOW,yes,2,Missing invalid or mismatching SRI weakens resource integrity control without proving malicious substitution,Impact requires altered resource bytes to be delivered and applied in a security-relevant context
insecure_ftp,application_security,medium,UNKNOWN,false,true,LOW,yes,2,An FTP reference directs compatible clients toward a transfer scheme without transport confidentiality or authenticated content integrity,Impact requires the reference to be followed and a relevant transfer to be observed or modified
contact_information_detected,application_security,low,UNKNOWN,false,false,UNKNOWN,no,0,A contact URI can be intended public functionality and does not by itself expose a secret or compromise path,Needs unintended or sensitive contact data plus a successful abuse scenario
local_file_path_exposed_via_url_scheme,application_security,low,UNKNOWN,false,true,LOW,yes,2,A public file URI discloses a local-resource reference but does not demonstrate local file access,Impact requires useful path information or a separate client or application file-read weakness
server_error,application_security,low,UNKNOWN,false,false,UNKNOWN,no,0,A reproducible HTTP 5xx establishes server failure but not a security-relevant cause or consequence,Needs sensitive error disclosure an attacker-controlled trigger resource exhaustion or an exploitable underlying defect
links_to_insecure_website,application_security,low,UNKNOWN,false,true,LOW,yes,2,An HTTP reference lacks transport assurance if a client uses it but does not prove interception or compromise,Impact requires client use and a network attacker or controlled destination; severity depends on referenced content and data
service_soap,network_security,medium,UNKNOWN,false,false,UNKNOWN,no,0,SOAP or WSDL semantics establish an application surface but not weak authorization unsafe XML handling or a vulnerable operation,Needs reachable exploitable behavior or sensitive unauthenticated operations
ssh_weak_protocol,network_security,medium,UNKNOWN,false,true,MEDIUM,yes,7,A deterministic pre-SSH2 identification establishes direct obsolete transport-protocol capability but not successful login authentication bypass or compromise,Impact requires a compatible legacy client and a meaningful session plus attack-specific conditions
ssh_weak_cipher,network_security,medium,UNKNOWN,false,true,LOW,yes,2,Exact prohibited Arcfour or CBC advertisement is a cryptographic hardening weakness but does not prove selection downgrade or session compromise,Impact requires a client that offers and negotiates the cipher plus attack-specific session and adversary conditions
ssh_weak_mac,network_security,medium,UNKNOWN,false,true,LOW,yes,2,A prohibited MD5 standalone MAC selectable with a known non-AEAD cipher is obsolete capability but does not prove negotiation practical forgery or compromise,Impact requires compatible client negotiation and a practical integrity attack against an established session
