candidate_number,dashboard_issue_name,exact_ssc_issue_key,exact_ssc_factor,ssc_severity,mapping_status,mapping_candidates,current_capability,current_implementation_evaluator_probe,proposed_scanner_primitive,required_evidence,deterministic_match,deterministic_no_match,indeterminate_conditions,direct_classification,rationale
1,Session Cookie Missing 'HttpOnly' Attribute,cookie_missing_http_only,application_security,high,EXACT,,PARTIAL,Existing HTTP/TLS/DNS prerequisite evidence only; no active exact evaluator,HTTP_HEADERS+AUTH_FLOW,"URL, response status, hashed cookie name, authenticated-flow step, session-cookie classification provenance and boolean HttpOnly attribute; value discarded.",A classified session/authentication cookie in an approved flow lacks HttpOnly.,Every classified session/authentication cookie observed across the complete declared synthetic flow has HttpOnly.,"Cookie purpose is unclassified, the synthetic flow is incomplete, Set-Cookie parsing fails, or the target is unavailable.",MOVE_TO_ENRICHMENT,Session purpose needs a reviewed cookie inventory and authorized synthetic authentication flow.
2,Session Cookie Missing 'Secure' Attribute,cookie_missing_secure_attribute,application_security,high,EXACT,,PARTIAL,Existing HTTP/TLS/DNS prerequisite evidence only; no active exact evaluator,HTTP_HEADERS+AUTH_FLOW,"URL, response status, hashed cookie name, authenticated-flow step, session-cookie classification provenance and boolean Secure attribute; value discarded.",A classified session/authentication cookie in an approved flow lacks Secure.,Every classified session/authentication cookie observed across the complete declared synthetic flow has Secure.,"Cookie purpose is unclassified, the synthetic flow is incomplete, Set-Cookie parsing fails, or the target is unavailable.",MOVE_TO_ENRICHMENT,Session purpose needs a reviewed cookie inventory and authorized synthetic authentication flow.
3,Unsafe Implementation Of Subresource Integrity,unsafe_sri_v2,application_security,high,EXACT,,NOT_SUPPORTED,No issue-specific probe or active exact evaluator,HTTP_CONTENT,"Page/resource URL, crossorigin mode, integrity algorithms/digests, fetch result and recomputed-digest match; resource content not retained.","An in-scope policy-required external script or stylesheet lacks SRI, has invalid/disallowed integrity metadata, or its fetched bytes fail every permitted digest.",Every scoped policy-required external active resource has valid permitted SRI metadata and its fetched bytes verify.,"Resource is out of scope, unavailable, blocked by CORS, too large, or digest/policy evaluation is incomplete.",VERIFIED_DIRECT,Direct bounded target evidence supports an exact scoped result; no claim of SSC method equivalence.
4,Website communicates with payment provider,payment_provider,application_security,high,EXACT,,NOT_SUPPORTED,No issue-specific probe or active exact evaluator,BROWSER_RUNTIME+PRODUCT_FINGERPRINT,"Page, request/form destination origin, provider identifier, matching indicators and catalog version.",A contacted origin or form destination matches a reviewed provider domain plus an independent TLS or SDK signature.,Every request/form destination in the completed declared browser flow is classifiable and none matches the reviewed provider catalog.,"Provider catalog is absent/stale, indicators conflict, browser flow is incomplete, or a destination is out of scope.",MOVE_TO_ENRICHMENT,Provider identity needs a reviewed provider/SDK catalog; a contacted origin alone is insufficient.
5,Non-standard links detected: Unsafe File Transfer Protocol,insecure_ftp,application_security,medium,EXACT,,NOT_SUPPORTED,No issue-specific probe or active exact evaluator,HTTP_CONTENT,"Source page, element/attribute, resolved destination scheme and redacted destination host/path hash.",Finding when a rendered/static DOM URL uses the ftp: scheme in a context covered by internal policy; do not follow non-HTTP destinations.,"Every declared in-scope page/URL is fetched and parsed completely, with no matching condition in that bounded scope.","Missing/failed page or resource, undeclared coverage, out-of-scope destination, truncated body, or parse error.",VERIFIED_DIRECT,Direct bounded target evidence supports an exact scoped result; no claim of SSC method equivalence.
6,Redirect Chain Contains HTTP,redirect_chain_contains_http_v2,application_security,medium,EXACT,,SUPPORTED,Active ssc.wave1.redirect_chain_contains_http_v2 evaluator; HTTP/TLS Wave 1 collector,HTTP_REDIRECT,"Every normalized hop and emitted Location for successful HTTPS-started redirect chains, including stop reason for out-of-scope or bounded termination.",MATCH when a hop after an HTTPS request uses HTTP or an HTTPS hop emits a Location resolving to HTTP; an ordinary HTTP-only chain does not match.,Every declared chain completes within scope and none satisfies the issue-specific insecure redirect condition.,"Missing/failed response, malformed or incomplete headers/chain, out-of-scope hop, or undeclared coverage.",VERIFIED_DIRECT,Direct bounded target evidence supports an exact scoped result; no claim of SSC method equivalence.
7,Certificate key is smaller than recommended size,insecure_server_certificate_key_size,application_security,low,EXACT,,SUPPORTED,Active ssc.wave1.insecure_server_certificate_key_size evaluator; HTTP/TLS Wave 1 collector,TLS_CERTIFICATE,"Leaf fingerprint, public-key algorithm, RSA/DSA bit length or EC curve/bit length, parse status, and Wave 1 policy version.",MATCH for RSA/DSA keys below 2048 bits or EC keys below 224 bits; supported stronger keys do not match and unknown key types are INDETERMINATE.,Every declared served certificate is completely parsed and none satisfies the issue-specific certificate condition.,"Handshake/chain acquisition failure, parse error, unknown algorithm, or incomplete certificate evidence.",VERIFIED_DIRECT,Direct bounded target evidence supports an exact scoped result; no claim of SSC method equivalence.
8,Content Security Policy (CSP) Missing,csp_no_policy_v2,application_security,low,EXACT,,SUPPORTED,Active ssc.wave1.csp_no_policy_v2 evaluator; HTTP/TLS Wave 1 collector,HTTP_HEADERS,Every declared HTML path was fetched successfully; all enforced CSP header instances and CSP meta elements were parsed and retained.,MATCH when a successfully fetched HTML response has neither a valid enforced CSP header nor a valid CSP meta policy; acquisition or parse failure is INDETERMINATE.,Every declared successful response is completely parsed and satisfies the versioned header policy for this issue.,"Missing/failed response, malformed or incomplete headers/chain, out-of-scope hop, or undeclared coverage.",VERIFIED_DIRECT,Direct bounded target evidence supports an exact scoped result; no claim of SSC method equivalence.
9,Content Security Policy Contains 'unsafe-*' Directive,csp_unsafe_policy_v2,application_security,low,EXACT,,SUPPORTED,Active ssc.wave1.csp_unsafe_policy_v2 evaluator; HTTP/TLS Wave 1 collector,HTTP_HEADERS,"Parsed enforced CSP policies for every declared HTML path, including directive tokens and nonce/hash controls.",MATCH when the effective active-content policy permits unsafe-eval or permits unsafe-inline without a nonce/hash control; malformed policy evidence is INDETERMINATE.,Every declared successful response is completely parsed and satisfies the versioned header policy for this issue.,"Missing/failed response, malformed or incomplete headers/chain, out-of-scope hop, or undeclared coverage.",VERIFIED_DIRECT,Direct bounded target evidence supports an exact scoped result; no claim of SSC method equivalence.
10,Content Security Policy Contains Broad Directives,csp_too_broad_v2,application_security,low,EXACT,,SUPPORTED,Active ssc.wave1.csp_too_broad_v2 evaluator; HTTP/TLS Wave 1 collector,HTTP_HEADERS,"Parsed enforced CSP policies for every declared HTML path, preserving all policy instances and effective active-content directives.","MATCH when the effective script/object policy permits a wildcard, an unscoped network scheme, or data: active content under the versioned Wave 1 policy; malformed evidence is INDETERMINATE.",Every declared successful response is completely parsed and satisfies the versioned header policy for this issue.,"Missing/failed response, malformed or incomplete headers/chain, out-of-scope hop, or undeclared coverage.",VERIFIED_DIRECT,Direct bounded target evidence supports an exact scoped result; no claim of SSC method equivalence.
11,Insecure HTTPS Redirect Pattern,insecure_https_redirect_pattern_v2,application_security,low,EXACT,,SUPPORTED,Active ssc.wave1.insecure_https_redirect_pattern_v2 evaluator; HTTP/TLS Wave 1 collector,HTTP_REDIRECT,"Every normalized hop and emitted Location for successful declared HTTP/HTTPS attempts, including schemes, hosts, ports, status codes, final scheme, and stop reason.","MATCH when an HTTPS hop downgrades to HTTP, a chain oscillates from HTTPS back to HTTP, or an HTTP request reaches terminal content before an HTTPS upgrade.",Every declared chain completes within scope and none satisfies the issue-specific insecure redirect condition.,"Missing/failed response, malformed or incomplete headers/chain, out-of-scope hop, or undeclared coverage.",VERIFIED_DIRECT,Direct bounded target evidence supports an exact scoped result; no claim of SSC method equivalence.
12,Link redirects to insecure website,redirect_to_insecure_website,application_security,low,EXACT,,PARTIAL,Existing HTTP/TLS/DNS prerequisite evidence only; no active exact evaluator,HTTP_REDIRECT+EXTERNAL_EVIDENCE,"Source page and link, every authorized hop's scheme/host/port/status and Location, passive-source provenance for external hops, and stop reason.",The linked destination has an evidenced terminal HTTP URL through authorized hops or a fresh approved passive redirect record.,Every declared link has a complete evidenced redirect chain ending at HTTPS or another non-HTTP terminal destination.,"A redirect hop is blocked, out of scope, timed out, malformed, or not terminally evidenced.",MOVE_TO_ENRICHMENT,An external Location is only a next hop; terminal scheme needs authorized or passive external redirect evidence.
13,Website References Object Storage,references_object_storage_v2,application_security,medium,EXACT,,PARTIAL,Existing HTTP/TLS/DNS prerequisite evidence only; no active exact evaluator,HTTP_CONTENT+PRODUCT_FINGERPRINT,"Observed hostname/CNAME, certificate SAN/issuer, provider signature, HTTP headers and provider-catalog version.",A page reference resolves to an object-storage provider with at least two independent reviewed DNS/TLS/HTTP signatures.,"Every declared page reference is resolved and classified with complete provider evidence, with none identifying object storage.","Provider catalog is absent/stale, signals conflict, or a referenced destination cannot be classified.",MOVE_TO_ENRICHMENT,Provider identity needs reviewed multi-signal storage fingerprints and a versioned catalog.
14,Non-standard links detected: Contact information displayed,contact_information_detected,application_security,low,EXACT,,NOT_SUPPORTED,No issue-specific probe or active exact evaluator,HTTP_CONTENT,"Page URL, element type, URI scheme and a redacted/hash-only contact value.","Finding when href uses an internal-policy contact scheme (for example mailto, tel, sms, whatsapp or viber); never store the clear contact value.","Every declared in-scope page/URL is fetched and parsed completely, with no matching condition in that bounded scope.","Missing/failed page or resource, undeclared coverage, out-of-scope destination, truncated body, or parse error.",VERIFIED_DIRECT,Direct bounded target evidence supports an exact scoped result; no claim of SSC method equivalence.
15,Non-standard links detected: Local file path exposed,local_file_path_exposed_via_url_scheme,application_security,low,EXACT,,NOT_SUPPORTED,No issue-specific probe or active exact evaluator,HTTP_CONTENT,"Source page, element/attribute, resolved destination scheme and redacted destination host/path hash.",Finding when a rendered/static DOM URL uses the file: scheme in a context covered by internal policy; do not follow non-HTTP destinations.,"Every declared in-scope page/URL is fetched and parsed completely, with no matching condition in that bounded scope.","Missing/failed page or resource, undeclared coverage, out-of-scope destination, truncated body, or parse error.",VERIFIED_DIRECT,Direct bounded target evidence supports an exact scoped result; no claim of SSC method equivalence.
16,Server error detected,server_error,application_security,low,EXACT,,PARTIAL,HTTP root/status collector only; no repeat/crawl evaluator,HTTP_CONTENT,"URL, method, status, retry result, response-header hash and timestamp; body omitted except approved diagnostic signature hashes.",The same declared URL returns HTTP 5xx on two bounded safe attempts outside a documented maintenance window.,Every declared URL completes two safe requests without a reproducible HTTP 5xx.,"Fetch/retry fails, only one 5xx is observed, or a documented maintenance window applies.",VERIFIED_DIRECT,Current single-root status is partial; repeatable two-attempt evidence over a declared URL set is direct.
17,Server with Expired Certificate Contacted,communication_server_with_expired_cert,application_security,low,EXACT,,PARTIAL,Existing HTTP/TLS/DNS prerequisite evidence only; no active exact evaluator,BROWSER_RUNTIME+TLS_CERTIFICATE,"Parent page URL, dependency origin, browser TLS error, certificate chain hash, notAfter, validation time, scope decision and passive-source provenance when used.",A browser-observed HTTPS dependency has a verified leaf notAfter before observation time from an authorized handshake or fresh passive certificate record.,Every HTTPS dependency in the completed declared flow has fresh verified certificate evidence and none is expired.,"Dependency origin is out of scope without fresh passive evidence, the browser flow is incomplete, or cert status is unavailable.",MOVE_TO_ENRICHMENT,A contacted third-party origin may be outside probe scope; expiry needs authorized TLS or fresh passive certificate evidence.
18,Site Does Not Use Best Practices Against Embedding of Malicious Content,x_frame_options_incorrect_v2,application_security,low,EXACT,,SUPPORTED,Active ssc.wave1.x_frame_options_incorrect_v2 evaluator; HTTP/TLS Wave 1 collector,HTTP_HEADERS,"All X-Frame-Options and enforced CSP instances, with parsed frame-ancestors directives, from each declared HTML response.",MATCH when neither a restrictive valid CSP frame-ancestors directive nor exactly one valid X-Frame-Options DENY/SAMEORIGIN value protects the response; malformed evidence is INDETERMINATE.,Every declared successful response is completely parsed and satisfies the versioned header policy for this issue.,"Missing/failed response, malformed or incomplete headers/chain, out-of-scope hop, or undeclared coverage.",VERIFIED_DIRECT,Direct bounded target evidence supports an exact scoped result; no claim of SSC method equivalence.
19,Site does not enforce HTTPS,domain_missing_https_v2,application_security,low,EXACT,,SUPPORTED,Active ssc.wave1.domain_missing_https_v2 evaluator; HTTP/TLS Wave 1 collector,HTTP_REDIRECT,"Successful HTTP and HTTPS attempts for every declared path, complete normalized redirect hops, terminal response, and HTTPS trust result.","MATCH when HTTP serves terminal content without a permanent same-target upgrade to a reachable trusted HTTPS endpoint, or no trusted HTTPS endpoint is available; incomplete attempts are INDETERMINATE.",Every declared chain completes within scope and none satisfies the issue-specific insecure redirect condition.,"Missing/failed response, malformed or incomplete headers/chain, out-of-scope hop, or undeclared coverage.",VERIFIED_DIRECT,Direct bounded target evidence supports an exact scoped result; no claim of SSC method equivalence.
20,Site links to insecure websites,links_to_insecure_website,application_security,low,EXACT,,NOT_SUPPORTED,No issue-specific probe or active exact evaluator,HTTP_CONTENT,"Source page, element/attribute, resolved destination scheme and redacted destination host/path hash.",Finding when a rendered/static DOM URL uses the http: scheme in a context covered by internal policy; do not follow non-HTTP destinations.,"Every declared in-scope page/URL is fetched and parsed completely, with no matching condition in that bounded scope.","Missing/failed page or resource, undeclared coverage, out-of-scope destination, truncated body, or parse error.",VERIFIED_DIRECT,Direct bounded target evidence supports an exact scoped result; no claim of SSC method equivalence.
21,Website Does Not Implement HSTS Best Practices,hsts_incorrect_v2,application_security,low,EXACT,,SUPPORTED,Active ssc.wave1.hsts_incorrect_v2 evaluator; HTTP/TLS Wave 1 collector,HTTP_HEADERS,"All Strict-Transport-Security header instances from a successful HTTPS response, with parsed max-age, includeSubDomains, preload token, scheme, host, and parse status.","MATCH when HSTS is absent, duplicated, malformed, has max-age below 31536000, or omits includeSubDomains on a covered HTTPS response; HTTP-delivered HSTS is ignored.",Every declared successful response is completely parsed and satisfies the versioned header policy for this issue.,"Missing/failed response, malformed or incomplete headers/chain, out-of-scope hop, or undeclared coverage.",VERIFIED_DIRECT,Direct bounded target evidence supports an exact scoped result; no claim of SSC method equivalence.
22,Website does not implement X-Content-Type-Options Best Practices,x_content_type_options_incorrect_v2,application_security,low,EXACT,,SUPPORTED,Active ssc.wave1.x_content_type_options_incorrect_v2 evaluator; HTTP/TLS Wave 1 collector,HTTP_HEADERS,All X-Content-Type-Options header instances from each successfully fetched declared response.,"MATCH when the header is absent, duplicated, or its sole normalized value is not exactly nosniff; acquisition failure is INDETERMINATE.",Every declared successful response is completely parsed and satisfies the versioned header policy for this issue.,"Missing/failed response, malformed or incomplete headers/chain, out-of-scope hop, or undeclared coverage.",VERIFIED_DIRECT,Direct bounded target evidence supports an exact scoped result; no claim of SSC method equivalence.
23,Certificate Is Revoked,tlscert_revoked,network_security,high,EXACT,,PARTIAL,Existing HTTP/TLS/DNS prerequisite evidence only; no active exact evaluator,TLS_REVOCATION,"Certificate/issuer fingerprints, authoritative OCSP/CRL URI and response hash, status, thisUpdate/nextUpdate, signer validation and retrieval result.",A fresh signed issuer OCSP/CRL response for the exact certificate reports revoked.,Fresh issuer-signed status for the exact certificate is good; revoked-status absence alone is insufficient.,"Responder unavailable, status unknown/stale, signature or chain invalid, or issuer data incomplete.",MOVE_TO_ENRICHMENT,Revocation requires fresh signed issuer OCSP/CRL evidence beyond the target certificate and TLS handshake.
24,SSL/TLS Service Supports Weak Protocol,tls_weak_protocol,network_security,high,EXACT,,SUPPORTED,Active ssc.wave2.tls_weak_protocol evaluator; TLS/DNS Wave 2 collector,TLS_NEGOTIATION,"For every approved TLS port: bounded, version-pinned TLS 1.0, 1.1, 1.2 and 1.3 attempts with offered/negotiated versions, cipher, outcome and error class.",A bounded TLS 1.0 or 1.1 handshake completes.,TLS 1.0 and 1.1 are both definitively rejected and a TLS 1.2 or 1.3 control succeeds.,"Missing, incomplete, malformed, out-of-scope, or failed evidence.",VERIFIED_DIRECT,Direct bounded target evidence supports an exact scoped result; no claim of SSC method equivalence.
25,Apache Cassandra Service Observed,service_cassandra,network_security,medium,EXACT,,PARTIAL,TCP connect prerequisite only; no protocol-specific evaluator,SERVICE_PROTOCOL,"IP, port, protocol request type, response code/magic/version, banner hash, TLS state and stop reason.","A bounded, non-authenticating probe confirms a framed Cassandra native STARTUP/OPTIONS exchange receives a valid native READY/SUPPORTED or protocol-defined authentication response with matching stream/version.","The bounded exchange returns a complete, protocol-valid response identified as a different supported protocol; TCP/UDP reachability alone is never negative proof.","Open port alone, wrong/unknown banner, malformed or truncated response, timeout, reset, unsupported transport, or incomplete exchange.",VERIFIED_DIRECT,Protocol-valid evidence on the authorized target is sufficient within declared scope.
26,Apache CouchDB Service Observed,service_couchdb,network_security,medium,EXACT,,PARTIAL,TCP connect prerequisite only; no protocol-specific evaluator,SERVICE_PROTOCOL,"IP, port, protocol request type, response code/magic/version, banner hash, TLS state and stop reason.","A bounded, non-authenticating probe confirms a scoped read-only root HTTP response has a valid CouchDB product API JSON signature, including the couchdb field; a generic HTTP response is insufficient.","The bounded exchange returns a complete, protocol-valid response identified as a different supported protocol; TCP/UDP reachability alone is never negative proof.","Open port alone, wrong/unknown banner, malformed or truncated response, timeout, reset, unsupported transport, or incomplete exchange.",VERIFIED_DIRECT,Protocol-valid evidence on the authorized target is sufficient within declared scope.
27,DNS Server Accessible,service_dns,network_security,medium,EXACT,,PARTIAL,TCP connect prerequisite only; no protocol-specific evaluator,SERVICE_PROTOCOL,"IP, port, protocol request type, response code/magic/version, banner hash, TLS state and stop reason.","A bounded, non-authenticating probe confirms a DNS response has QR set, a matching transaction ID and question, and a parseable response code for the bounded query.","The bounded exchange returns a complete, protocol-valid response identified as a different supported protocol; TCP/UDP reachability alone is never negative proof.","Open port alone, wrong/unknown banner, malformed or truncated response, timeout, reset, unsupported transport, or incomplete exchange.",VERIFIED_DIRECT,Protocol-valid evidence on the authorized target is sufficient within declared scope.
28,Elasticsearch Service Observed,service_elasticsearch,network_security,medium,EXACT,,PARTIAL,TCP connect prerequisite only; no protocol-specific evaluator,SERVICE_PROTOCOL,"IP, port, protocol request type, response code/magic/version, banner hash, TLS state and stop reason.","A bounded, non-authenticating probe confirms a scoped read-only root HTTP response carries the Elasticsearch product marker and parseable version/cluster API fields; generic JSON is insufficient.","The bounded exchange returns a complete, protocol-valid response identified as a different supported protocol; TCP/UDP reachability alone is never negative proof.","Open port alone, wrong/unknown banner, malformed or truncated response, timeout, reset, unsupported transport, or incomplete exchange.",VERIFIED_DIRECT,Protocol-valid evidence on the authorized target is sufficient within declared scope.
29,FTP Service Observed,service_ftp,network_security,medium,EXACT,,PARTIAL,TCP connect prerequisite only; no protocol-specific evaluator,SERVICE_PROTOCOL,"IP, port, protocol request type, response code/magic/version, banner hash, TLS state and stop reason.","A bounded, non-authenticating probe confirms a complete 220 FTP greeting is followed by a valid reply to a bounded FEAT or NOOP exchange.","The bounded exchange returns a complete, protocol-valid response identified as a different supported protocol; TCP/UDP reachability alone is never negative proof.","Open port alone, wrong/unknown banner, malformed or truncated response, timeout, reset, unsupported transport, or incomplete exchange.",VERIFIED_DIRECT,Protocol-valid evidence on the authorized target is sufficient within declared scope.
30,HTTP Proxy Service Detected,service_http_proxy,network_security,medium,EXACT,,PARTIAL,TCP connect prerequisite only; no protocol-specific evaluator,PROXY_VALIDATION,"IP, port, protocol request type, response code/magic/version, banner hash, TLS state and stop reason. Organization-owned canary URL, canary-specific response hash and relay authorization are required.","A bounded absolute-form HTTP GET to an organization-owned canary returns a canary-specific response through the target proxy, proving proxy forwarding without third-party relay.",A complete protocol-valid foreign-service response proves the endpoint is not an HTTP proxy under the declared probe.,"Only an open port, generic HTTP response, unverified 407, canary unavailable, or any incomplete exchange.",MOVE_TO_ENRICHMENT,Conclusive proxy semantics need a separately authorized organization-owned canary destination; an HTTP banner or 407 alone is insufficient.
31,IMAP Service Observed,service_imap,network_security,medium,EXACT,,PARTIAL,TCP connect prerequisite only; no protocol-specific evaluator,SERVICE_PROTOCOL,"IP, port, protocol request type, response code/magic/version, banner hash, TLS state and stop reason.","A bounded, non-authenticating probe confirms a valid IMAP server greeting is followed by a tagged, syntactically valid CAPABILITY completion.","The bounded exchange returns a complete, protocol-valid response identified as a different supported protocol; TCP/UDP reachability alone is never negative proof.","Open port alone, wrong/unknown banner, malformed or truncated response, timeout, reset, unsupported transport, or incomplete exchange.",VERIFIED_DIRECT,Protocol-valid evidence on the authorized target is sufficient within declared scope.
32,LDAP Server Accessible,service_ldap,network_security,medium,EXACT,,PARTIAL,TCP connect prerequisite only; no protocol-specific evaluator,SERVICE_PROTOCOL,"IP, port, protocol request type, response code/magic/version, banner hash, TLS state and stop reason.","A bounded, non-authenticating probe confirms a bounded LDAP BER request receives a matching-message-ID LDAP protocol response, including an explicit authentication-required result.","The bounded exchange returns a complete, protocol-valid response identified as a different supported protocol; TCP/UDP reachability alone is never negative proof.","Open port alone, wrong/unknown banner, malformed or truncated response, timeout, reset, unsupported transport, or incomplete exchange.",VERIFIED_DIRECT,Protocol-valid evidence on the authorized target is sufficient within declared scope.
33,Microsoft SQL Server Service Observed,service_microsoft_sql,network_security,medium,EXACT,,PARTIAL,TCP connect prerequisite only; no protocol-specific evaluator,SERVICE_PROTOCOL,"IP, port, protocol request type, response code/magic/version, banner hash, TLS state and stop reason.","A bounded, non-authenticating probe confirms a valid TDS PRELOGIN response has matching packet framing and option-table semantics.","The bounded exchange returns a complete, protocol-valid response identified as a different supported protocol; TCP/UDP reachability alone is never negative proof.","Open port alone, wrong/unknown banner, malformed or truncated response, timeout, reset, unsupported transport, or incomplete exchange.",VERIFIED_DIRECT,Protocol-valid evidence on the authorized target is sufficient within declared scope.
34,Minecraft Server Accessible,minecraft_server,network_security,medium,EXACT,,PARTIAL,TCP connect prerequisite only; no protocol-specific evaluator,SERVICE_PROTOCOL,"IP/port/transport, request type, protocol-valid response/magic/version, banner hash and stop reason.","A bounded, non-authenticating probe confirms a bounded Minecraft status request receives a correctly framed status response with parseable protocol fields.","The bounded exchange returns a complete, protocol-valid response identified as a different supported protocol; TCP/UDP reachability alone is never negative proof.","Open port alone, wrong/unknown banner, malformed or truncated response, timeout, reset, unsupported transport, or incomplete exchange.",VERIFIED_DIRECT,Protocol-valid evidence on the authorized target is sufficient within declared scope.
35,MongoDB Service Observed,service_mongodb,network_security,medium,EXACT,,PARTIAL,TCP connect prerequisite only; no protocol-specific evaluator,SERVICE_PROTOCOL,"IP, port, protocol request type, response code/magic/version, banner hash, TLS state and stop reason.","A bounded, non-authenticating probe confirms a bounded MongoDB hello request receives a correctly framed OP_MSG reply with expected hello fields or a protocol-defined auth-required result.","The bounded exchange returns a complete, protocol-valid response identified as a different supported protocol; TCP/UDP reachability alone is never negative proof.","Open port alone, wrong/unknown banner, malformed or truncated response, timeout, reset, unsupported transport, or incomplete exchange.",VERIFIED_DIRECT,Protocol-valid evidence on the authorized target is sufficient within declared scope.
36,MySQL Service Observed,service_mysql,network_security,medium,EXACT,,PARTIAL,TCP connect prerequisite only; no protocol-specific evaluator,SERVICE_PROTOCOL,"IP, port, protocol request type, response code/magic/version, banner hash, TLS state and stop reason.","A bounded, non-authenticating probe confirms a complete MySQL initial handshake packet has valid packet framing, protocol version and capability fields.","The bounded exchange returns a complete, protocol-valid response identified as a different supported protocol; TCP/UDP reachability alone is never negative proof.","Open port alone, wrong/unknown banner, malformed or truncated response, timeout, reset, unsupported transport, or incomplete exchange.",VERIFIED_DIRECT,Protocol-valid evidence on the authorized target is sufficient within declared scope.
37,OpenVPN Device Accessible,service_open_vpn,network_security,medium,EXACT,,PARTIAL,TCP connect prerequisite only; no protocol-specific evaluator,SERVICE_PROTOCOL+PRODUCT_FINGERPRINT,"IP, port, transport, bounded probe/response transcript hash, fingerprint-set version, inventory provenance and confidence.",A reviewed unique fingerprint or authoritative inventory confirms OpenVPN on the endpoint.,Authoritative inventory or a reviewed complete fingerprint excludes OpenVPN for the declared endpoint.,"Only reachability, silence, generic VPN response, ambiguous fingerprint, or incomplete inventory.",MOVE_TO_ENRICHMENT,OpenVPN may be silent unauthenticated; a unique product fingerprint or authoritative inventory is needed.
38,Oracle Database Server Accessible,service_oracle_db,network_security,medium,EXACT,,PARTIAL,TCP connect prerequisite only; no protocol-specific evaluator,SERVICE_PROTOCOL,"IP, port, protocol request type, response code/magic/version, banner hash, TLS state and stop reason.","A bounded, non-authenticating probe confirms a bounded Oracle Net/TNS CONNECT receives a valid framed ACCEPT, REFUSE or REDIRECT response with matching protocol semantics.","The bounded exchange returns a complete, protocol-valid response identified as a different supported protocol; TCP/UDP reachability alone is never negative proof.","Open port alone, wrong/unknown banner, malformed or truncated response, timeout, reset, unsupported transport, or incomplete exchange.",VERIFIED_DIRECT,Protocol-valid evidence on the authorized target is sufficient within declared scope.
39,POP3 Service Observed,service_pop3,network_security,medium,EXACT,,PARTIAL,TCP connect prerequisite only; no protocol-specific evaluator,SERVICE_PROTOCOL,"IP, port, protocol request type, response code/magic/version, banner hash, TLS state and stop reason.","A bounded, non-authenticating probe confirms a valid POP3 +OK greeting is followed by a syntactically valid CAPA or NOOP response.","The bounded exchange returns a complete, protocol-valid response identified as a different supported protocol; TCP/UDP reachability alone is never negative proof.","Open port alone, wrong/unknown banner, malformed or truncated response, timeout, reset, unsupported transport, or incomplete exchange.",VERIFIED_DIRECT,Protocol-valid evidence on the authorized target is sufficient within declared scope.
40,PPTP Service Accessible,service_pptp,network_security,medium,EXACT,,PARTIAL,TCP connect prerequisite only; no protocol-specific evaluator,SERVICE_PROTOCOL,"IP, port, protocol request type, response code/magic/version, banner hash, TLS state and stop reason.","A bounded, non-authenticating probe confirms a bounded PPTP start-control connection request receives a valid control response with matching message type and framing.","The bounded exchange returns a complete, protocol-valid response identified as a different supported protocol; TCP/UDP reachability alone is never negative proof.","Open port alone, wrong/unknown banner, malformed or truncated response, timeout, reset, unsupported transport, or incomplete exchange.",VERIFIED_DIRECT,Protocol-valid evidence on the authorized target is sufficient within declared scope.
41,PostgreSQL Service Observed,service_postgresql,network_security,medium,EXACT,,PARTIAL,TCP connect prerequisite only; no protocol-specific evaluator,SERVICE_PROTOCOL,"IP, port, protocol request type, response code/magic/version, banner hash, TLS state and stop reason.","A bounded, non-authenticating probe confirms a bounded PostgreSQL SSLRequest receives a valid S/N response and a follow-up bounded startup exchange confirms PostgreSQL protocol framing.","The bounded exchange returns a complete, protocol-valid response identified as a different supported protocol; TCP/UDP reachability alone is never negative proof.","Open port alone, wrong/unknown banner, malformed or truncated response, timeout, reset, unsupported transport, or incomplete exchange.",VERIFIED_DIRECT,Protocol-valid evidence on the authorized target is sufficient within declared scope.
42,RDP Service Observed,service_rdp,network_security,medium,EXACT,,PARTIAL,TCP connect prerequisite only; no protocol-specific evaluator,SERVICE_PROTOCOL,"IP, port, protocol request type, response code/magic/version, banner hash, TLS state and stop reason.","A bounded, non-authenticating probe confirms an X.224 connection request receives a valid X.224 connection-confirm or RDP negotiation-failure response with correct framing.","The bounded exchange returns a complete, protocol-valid response identified as a different supported protocol; TCP/UDP reachability alone is never negative proof.","Open port alone, wrong/unknown banner, malformed or truncated response, timeout, reset, unsupported transport, or incomplete exchange.",VERIFIED_DIRECT,Protocol-valid evidence on the authorized target is sufficient within declared scope.
43,Redis Service Observed,service_redis,network_security,medium,EXACT,,SUPPORTED,Active ssc.wave3a.service_redis evaluator; TCP Wave 3A protocol adapter,SERVICE_PROTOCOL,"A declared TCP redis probe with bounded connect/read/write budgets, exact adapter and policy versions, response class/magic/version where available, response hash, stop reason and timestamps.","A bounded, non-authenticating probe confirms a RESP PING receives exact +PONG or a valid Redis NOAUTH/NOPERM response.","The bounded exchange returns a complete, protocol-valid response identified as a different supported protocol; TCP/UDP reachability alone is never negative proof.","Open port alone, wrong/unknown banner, malformed or truncated response, timeout, reset, unsupported transport, or incomplete exchange.",VERIFIED_DIRECT,Protocol-valid evidence on the authorized target is sufficient within declared scope.
44,SMB Service Observed,service_smb,network_security,medium,EXACT,,SUPPORTED,Active ssc.wave3a.service_smb evaluator; TCP Wave 3A protocol adapter,SERVICE_PROTOCOL,"A declared TCP smb2 probe with bounded connect/read/write budgets, exact adapter and policy versions, response class/magic/version where available, response hash, stop reason and timestamps.","A bounded, non-authenticating probe confirms a minimal SMB2 negotiate request receives correctly framed SMB2 negotiate or matching-command error semantics.","The bounded exchange returns a complete, protocol-valid response identified as a different supported protocol; TCP/UDP reachability alone is never negative proof.","Open port alone, wrong/unknown banner, malformed or truncated response, timeout, reset, unsupported transport, or incomplete exchange.",VERIFIED_DIRECT,Protocol-valid evidence on the authorized target is sufficient within declared scope.
45,SOAP Server Accessible,service_soap,network_security,medium,EXACT,,PARTIAL,TCP connect prerequisite only; no protocol-specific evaluator,HTTP_CONTENT,"IP, port, protocol request type, response code/magic/version, banner hash, TLS state and stop reason.",A declared authorized HTTP endpoint returns a parseable WSDL with SOAP binding or a valid SOAP envelope on a bounded read-only request.,"Every declared authorized endpoint was fetched successfully and completely parsed, and none exposes SOAP/WSDL semantics.","No declared endpoint, external paths unapproved, failed fetch, or ambiguous XML/HTTP response.",VERIFIED_DIRECT,Direct only for declared authorized paths; absence across unenumerated paths remains indeterminate.
46,SSH Software Supports Vulnerable Protocol,ssh_weak_protocol,network_security,medium,EXACT,,PARTIAL,TCP connect prerequisite only; no SSH identification/KEX evaluator,SSH_NEGOTIATION,"Port, server identification, offered SSH protocol versions, negotiated-none result, policy version and timestamp.",Complete unauthenticated SSH negotiation proves an offered protocol version prohibited by the pinned policy.,Complete server identification/KEXINIT evidence contains no algorithm or protocol version prohibited by the pinned policy.,"Missing/invalid SSH identification or KEXINIT, incomplete offer set, unknown policy, timeout, or reset.",VERIFIED_DIRECT,Direct bounded target evidence supports an exact scoped result; no claim of SSC method equivalence.
47,SSH Supports Weak Cipher,ssh_weak_cipher,network_security,medium,EXACT,,PARTIAL,TCP connect prerequisite only; no SSH identification/KEX evaluator,SSH_NEGOTIATION,"Port, server identification, offered encryption algorithms, negotiated-none result, policy version and timestamp.",Complete unauthenticated SSH KEXINIT proves an offered encryption algorithm prohibited by the pinned policy.,Complete server identification/KEXINIT evidence contains no algorithm or protocol version prohibited by the pinned policy.,"Missing/invalid SSH identification or KEXINIT, incomplete offer set, unknown policy, timeout, or reset.",VERIFIED_DIRECT,Direct bounded target evidence supports an exact scoped result; no claim of SSC method equivalence.
48,SSH Supports Weak MAC,ssh_weak_mac,network_security,medium,EXACT,,PARTIAL,TCP connect prerequisite only; no SSH identification/KEX evaluator,SSH_NEGOTIATION,"Port, server identification, offered MAC algorithms, negotiated-none result, policy version and timestamp.",Complete unauthenticated SSH KEXINIT proves an offered MAC algorithm prohibited by the pinned policy.,Complete server identification/KEXINIT evidence contains no algorithm or protocol version prohibited by the pinned policy.,"Missing/invalid SSH identification or KEXINIT, incomplete offer set, unknown policy, timeout, or reset.",VERIFIED_DIRECT,Direct bounded target evidence supports an exact scoped result; no claim of SSC method equivalence.
49,TLS Service Supports Weak Cipher Suite,tls_weak_cipher,network_security,medium,EXACT,,PARTIAL,TLS constrained handshake evidence only; no complete negative/evaluator,TLS_NEGOTIATION,"Accepted protocol/cipher pairs, key-exchange/authentication properties and policy version.",A bounded handshake accepts at least one cipher suite disallowed by the pinned cryptographic policy.,"Every prohibited suite in the pinned policy was offerable and definitively rejected, and a permitted control suite succeeds.",Any prohibited suite cannot be offered or its rejection cannot be distinguished from transport/provider failure.,VERIFIED_DIRECT,Direct bounded target evidence supports an exact scoped result; no claim of SSC method equivalence.
50,Telnet Service Observed,service_telnet,network_security,medium,EXACT,,SUPPORTED,Active ssc.wave3a.service_telnet evaluator; TCP Wave 3A protocol adapter,SERVICE_PROTOCOL,"A declared TCP telnet probe with bounded connect/read/write budgets, exact adapter and policy versions, response class/magic/version where available, response hash, stop reason and timestamps.","A bounded, non-authenticating probe confirms an IAC DO SUPPRESS-GO-AHEAD receives a matching IAC WILL or IAC WONT response.","The bounded exchange returns a complete, protocol-valid response identified as a different supported protocol; TCP/UDP reachability alone is never negative proof.","Open port alone, wrong/unknown banner, malformed or truncated response, timeout, reset, unsupported transport, or incomplete exchange.",VERIFIED_DIRECT,Protocol-valid evidence on the authorized target is sufficient within declared scope.
51,UPnP Accessible,upnp_accessible,network_security,medium,EXACT,,PARTIAL,TCP connect prerequisite only; no protocol-specific evaluator,SERVICE_PROTOCOL,"IP/port/transport, request type, protocol-valid response/magic/version, banner hash and stop reason.","A bounded, non-authenticating probe confirms a unicast SSDP response has valid UPnP fields and an authorized device-description GET returns parseable UPnP XML for the same device.","The bounded exchange returns a complete, protocol-valid response identified as a different supported protocol; TCP/UDP reachability alone is never negative proof.","Open port alone, wrong/unknown banner, malformed or truncated response, timeout, reset, unsupported transport, or incomplete exchange.",VERIFIED_DIRECT,Protocol-valid evidence on the authorized target is sufficient within declared scope.
52,VNC Service Observed,service_vnc,network_security,medium,EXACT,,SUPPORTED,Active ssc.wave3a.service_vnc evaluator; TCP Wave 3A protocol adapter,SERVICE_PROTOCOL,"A declared TCP vnc probe with bounded connect/read/write budgets, exact adapter and policy versions, response class/magic/version where available, response hash, stop reason and timestamps.","A bounded, non-authenticating probe confirms an exact complete RFB 003.003, 003.007 or 003.008 greeting is followed by the bounded client version reply.","The bounded exchange returns a complete, protocol-valid response identified as a different supported protocol; TCP/UDP reachability alone is never negative proof.","Open port alone, wrong/unknown banner, malformed or truncated response, timeout, reset, unsupported transport, or incomplete exchange.",VERIFIED_DIRECT,Protocol-valid evidence on the authorized target is sufficient within declared scope.
53,rsync Service Observed,service_rsync,network_security,medium,EXACT,,SUPPORTED,Active ssc.wave3a.service_rsync evaluator; TCP Wave 3A protocol adapter,SERVICE_PROTOCOL,"A declared TCP rsync probe with bounded connect/read/write budgets, exact adapter and policy versions, response class/magic/version where available, response hash, stop reason and timestamps.","A bounded, non-authenticating probe confirms a complete @RSYNCD major.minor greeting is followed by a bounded client greeting and #exit.","The bounded exchange returns a complete, protocol-valid response identified as a different supported protocol; TCP/UDP reachability alone is never negative proof.","Open port alone, wrong/unknown banner, malformed or truncated response, timeout, reset, unsupported transport, or incomplete exchange.",VERIFIED_DIRECT,Protocol-valid evidence on the authorized target is sufficient within declared scope.
54,Certificate Is Expired,tlscert_expired,network_security,low,EXACT,,SUPPORTED,Active ssc.wave1.tlscert_expired evaluator; HTTP/TLS Wave 1 collector,TLS_CERTIFICATE,"Leaf DER SHA-256 fingerprint, notAfter, timezone-aware observation time, and computed expiry state from a completed TLS handshake.",MATCH when leaf notAfter is strictly earlier than observation_time; parse or handshake failure is INDETERMINATE.,Every declared served certificate is completely parsed and none satisfies the issue-specific certificate condition.,"Handshake/chain acquisition failure, parse error, unknown algorithm, or incomplete certificate evidence.",VERIFIED_DIRECT,Direct bounded target evidence supports an exact scoped result; no claim of SSC method equivalence.
55,Certificate Is Self-Signed,tlscert_self_signed,network_security,low,EXACT,,SUPPORTED,Active ssc.wave1.tlscert_self_signed evaluator; HTTP/TLS Wave 1 collector,TLS_CERTIFICATE,"Leaf fingerprint, normalized subject and issuer, self-issued comparison, cryptographic self-signature verification, and explicit local fingerprint allowlist decision.","MATCH only when subject equals issuer, the leaf signature verifies with its own public key, and the fingerprint is not explicitly trusted by the versioned local policy.",Every declared served certificate is completely parsed and none satisfies the issue-specific certificate condition.,"Handshake/chain acquisition failure, parse error, unknown algorithm, or incomplete certificate evidence.",VERIFIED_DIRECT,Direct bounded target evidence supports an exact scoped result; no claim of SSC method equivalence.
56,Certificate Lifetime Is Longer Than Best Practices,tlscert_excessive_expiration,network_security,low,EXACT,,PARTIAL,Existing HTTP/TLS/DNS prerequisite evidence only; no active exact evaluator,TLS_CERTIFICATE+POLICY,"Certificate fingerprint, validity endpoints, computed lifetime, issuance time, policy source/version and applicable maximum.",The certificate lifetime exceeds the versioned CA/B maximum applicable to its issuance date and certificate class.,The certificate is in an applicable policy class and its lifetime is within the issuance-date maximum.,"Policy history, issuance date, applicability, or certificate parsing is unavailable/ambiguous.",MOVE_TO_ENRICHMENT,Applicable maximum needs historical CA/B policy and certificate applicability at issuance.
57,Certificate Signed With Weak Algorithm,tlscert_weak_signature,network_security,low,EXACT,,SUPPORTED,Active ssc.wave1.tlscert_weak_signature evaluator; HTTP/TLS Wave 1 collector,TLS_CERTIFICATE,"Every served certificate's position, fingerprint, signature OID, hash algorithm, parse status, and Wave 1 cryptographic policy version.",MATCH when any parsed served leaf/intermediate uses MD5 or SHA-1; unknown algorithms or incomplete parsing are INDETERMINATE.,Every declared served certificate is completely parsed and none satisfies the issue-specific certificate condition.,"Handshake/chain acquisition failure, parse error, unknown algorithm, or incomplete certificate evidence.",VERIFIED_DIRECT,Direct bounded target evidence supports an exact scoped result; no claim of SSC method equivalence.
58,Certificate Without Revocation Control,tlscert_no_revocation,network_security,low,EXACT,,SUPPORTED,Active ssc.wave1.tlscert_no_revocation evaluator; HTTP/TLS Wave 1 collector,TLS_CERTIFICATE,"Leaf fingerprint, normalized AIA OCSP and CRL distribution endpoints, self-signature state, lifetime, and extension parse status.",MATCH for a non-self-signed certificate valid longer than seven days when neither an OCSP URI nor CRL distribution URI is present; malformed extensions are INDETERMINATE.,Every declared served certificate is completely parsed and none satisfies the issue-specific certificate condition.,"Handshake/chain acquisition failure, parse error, unknown algorithm, or incomplete certificate evidence.",VERIFIED_DIRECT,Direct bounded target evidence supports an exact scoped result; no claim of SSC method equivalence.
59,SOCKS Proxy Service Detected,service_socks_proxy,network_security,low,EXACT,,SUPPORTED,Active ssc.wave3a.service_socks_proxy evaluator; TCP Wave 3A protocol adapter,SERVICE_PROTOCOL,"A declared TCP socks5 probe with bounded connect/read/write budgets, exact adapter and policy versions, response class/magic/version where available, response hash, stop reason and timestamps.","A bounded, non-authenticating probe confirms a minimal SOCKS5 method offer receives an exact two-byte version-5 method-selection response.","The bounded exchange returns a complete, protocol-valid response identified as a different supported protocol; TCP/UDP reachability alone is never negative proof.","Open port alone, wrong/unknown banner, malformed or truncated response, timeout, reset, unsupported transport, or incomplete exchange.",VERIFIED_DIRECT,Protocol-valid evidence on the authorized target is sufficient within declared scope.
60,Malformed SPF Record,spf_record_malformed,dns_health,medium,EXACT,,PARTIAL,DNS TXT/SPF collector and incomplete parser; no active exact evaluator,DNS,"Domain, DNS status, record hash, parse tree, lookup count, evaluation result and error class.","Complete bounded RFC 7208 parse/evaluation of present SPF records returns permerror, including duplicate records or invalid syntax.",A present single SPF policy completes full bounded RFC 7208 parse/evaluation without permerror.,"DNS failure, incomplete macro/lookup path, exceeded budget without a definitive permerror, or parser limitation.",VERIFIED_DIRECT,Direct bounded target evidence supports an exact scoped result; no claim of SSC method equivalence.
61,SPF Record Found Ineffective,spf_record_wildcard,dns_health,medium,EXACT,,SUPPORTED,Active ssc.wave2.spf_record_wildcard evaluator; TLS/DNS Wave 2 collector,DNS,"Two bounded unpredictable subdomain TXT queries beneath the declared domain, preserving names, statuses and normalized records.","Two unpredictable, bounded subdomain queries both return equivalent synthesized SPF policies.",Both nonce queries return definitive negative SPF answers.,"One nonce query is missing, mixed, timed out, or otherwise inconclusive.",VERIFIED_DIRECT,"Exact catalog title maps to wildcard SPF synthesis, not a generic ineffective-SPF diagnosis."
62,SPF Record Missing,spf_record_missing,dns_health,low,EXACT,,SUPPORTED,Active ssc.wave2.spf_record_missing evaluator; TLS/DNS Wave 2 collector,DNS,"A definitive TXT answer, NODATA or NXDOMAIN for the exact declared domain, preserving joined TXT records and response status.",A definitive TXT answer for the exact declared domain has no v=spf1 record.,A definitive TXT answer contains exactly one v=spf1 record.,"DNS timeout, SERVFAIL, truncated/unusable answer, or ambiguous multiple records.",VERIFIED_DIRECT,Direct bounded target evidence supports an exact scoped result; no claim of SSC method equivalence.
63,SMTP Server on Unusual Port,mail_server_unusual_port,ip_reputation,medium,EXACT,,PARTIAL,TCP connect prerequisite only; no protocol-specific evaluator,SERVICE_PROTOCOL,"IP, port, TCP result, SMTP greeting code/banner hash, EHLO result and approved-port policy version.","A bounded, non-authenticating probe confirms a valid SMTP 220 greeting and bounded EHLO response identify SMTP on a port marked unusual by a versioned approved-port policy.","The bounded exchange returns a complete, protocol-valid response identified as a different supported protocol; TCP/UDP reachability alone is never negative proof.","Open port alone, wrong/unknown banner, malformed or truncated response, timeout, reset, unsupported transport, or incomplete exchange.",VERIFIED_DIRECT,Protocol-valid evidence on the authorized target is sufficient within declared scope.
